---,DisplayName,Grade,Slot,WeaponType,StatModifiers,Icon,MaxStack,CraftMaterialA,CraftMaterialB
hammer_t1,"NSLOCTEXT(""[7F65C10201916DE75736CAF8E562B683]"", ""38A9EE764491EE8BDC1ACEA596AB946F"", ""망치"")","Hero","Weapon","Hammer","(((AttributeName=""AttackPower"",Attribute=/Script/EternalReturn.ERAttributeSet:AttackPower,AttributeOwner=""/Script/CoreUObject.Class'/Script/EternalReturn.ERAttributeSet'""), 30.000000))","None","1","None","None"
sniper_t1,"NSLOCTEXT(""[7F65C10201916DE75736CAF8E562B683]"", ""61D371D349E7B1BE3CFE509CEE8F0454"", ""저격총"")","Hero","Weapon","SniperRifle","(((AttributeName=""AttackPower"",Attribute=/Script/EternalReturn.ERAttributeSet:AttackPower,AttributeOwner=""/Script/CoreUObject.Class'/Script/EternalReturn.ERAttributeSet'""), 25.000000),((AttributeName=""AttackRange"",Attribute=/Script/EternalReturn.ERAttributeSet:AttackRange,AttributeOwner=""/Script/CoreUObject.Class'/Script/EternalReturn.ERAttributeSet'""), 1.000000))","None","1","None","None"
hat_t1,"NSLOCTEXT(""[7F65C10201916DE75736CAF8E562B683]"", ""4F06EC2C4E33B7193971E3A1DAE64605"", ""모자"")","Rare","Head","None","(((AttributeName=""Defense"",Attribute=/Script/EternalReturn.ERAttributeSet:Defense,AttributeOwner=""/Script/CoreUObject.Class'/Script/EternalReturn.ERAttributeSet'""), 10.000000))","/Game/ER/UI/UE_UI/Icon/Item/ItemIcon_201404.ItemIcon_201404","1","None","None"
dagger_t1,"NSLOCTEXT(""[7F65C10201916DE75736CAF8E562B683]"", ""0164EA6C49742ED7A4063F816DF4A013"", ""단검"")","Hero","Weapon","Dagger","(((AttributeName=""AttackPower"",Attribute=/Script/EternalReturn.ERAttributeSet:AttackPower,AttributeOwner=""/Script/CoreUObject.Class'/Script/EternalReturn.ERAttributeSet'""), 20.000000))","None","1","None","None"
stone,"NSLOCTEXT(""[7F65C10201916DE75736CAF8E562B683]"", ""B546F59F401186E91E8ABC8DF221A19F"", ""돌멩이"")","Common","None","None","()","None","3","None","None"
Legend_t1,"NSLOCTEXT(""[7F65C10201916DE75736CAF8E562B683]"", ""F8C8FD85437C3252FA2EC48329905E20"", ""전설 무기"")","Legend","Weapon","Dagger","(((AttributeName=""AttackPower"",Attribute=/Script/EternalReturn.ERAttributeSet:AttackPower,AttributeOwner=""/Script/CoreUObject.Class'/Script/EternalReturn.ERAttributeSet'""), 100.000000))","None","1","None","None"
Axe_t1,"NSLOCTEXT(""[7F65C10201916DE75736CAF8E562B683]"", ""64E371774DA729802F0A518291A1B229"", ""도끼"")","Hero","Weapon","Axe","(((AttributeName=""AttackPower"",Attribute=/Script/EternalReturn.ERAttributeSet:AttackPower,AttributeOwner=""/Script/CoreUObject.Class'/Script/EternalReturn.ERAttributeSet'""), 20.000000))","None","1","None","None"
hammer,"망치","Common","Weapon","Hammer","(((AttributeName=""AttackPower"",Attribute=/Script/EternalReturn.ERAttributeSet:AttackPower,AttributeOwner=""/Script/CoreUObject.Class'/Script/EternalReturn.ERAttributeSet'""), 16.000000))","None","1","None","None"
deer_hammer,"사슴 망치","Uncommon","Weapon","Hammer","(((AttributeName=""AttackPower"",Attribute=/Script/EternalReturn.ERAttributeSet:AttackPower,AttributeOwner=""/Script/CoreUObject.Class'/Script/EternalReturn.ERAttributeSet'""), 25.000000))","None","1","hammer","rubber"
warhammer,"워해머","Uncommon","Weapon","Hammer","(((AttributeName=""AttackPower"",Attribute=/Script/EternalReturn.ERAttributeSet:AttackPower,AttributeOwner=""/Script/CoreUObject.Class'/Script/EternalReturn.ERAttributeSet'""), 22.000000))","None","1","hammer","nail"
morning_star,"모닝스타","Rare","Weapon","Hammer","(((AttributeName=""AttackPower"",Attribute=/Script/EternalReturn.ERAttributeSet:AttackPower,AttributeOwner=""/Script/CoreUObject.Class'/Script/EternalReturn.ERAttributeSet'""), 30.000000))","None","1","warhammer","iron_ball"
fate_hammer,"운명의 망치","Rare","Weapon","Hammer","(((AttributeName=""AttackPower"",Attribute=/Script/EternalReturn.ERAttributeSet:AttackPower,AttributeOwner=""/Script/CoreUObject.Class'/Script/EternalReturn.ERAttributeSet'""), 30.000000))","None","1","deer_hammer","playing_cards"
wolf_fang_club,"낭아봉","Hero","Weapon","Hammer","(((AttributeName=""AttackPower"",Attribute=/Script/EternalReturn.ERAttributeSet:AttackPower,AttributeOwner=""/Script/CoreUObject.Class'/Script/EternalReturn.ERAttributeSet'""), 34.000000))","None","1","morning_star","horse_tally"
dagda_hammer,"다그다의 망치","Hero","Weapon","Hammer","(((AttributeName=""AttackPower"",Attribute=/Script/EternalReturn.ERAttributeSet:AttackPower,AttributeOwner=""/Script/CoreUObject.Class'/Script/EternalReturn.ERAttributeSet'""), 80.000000))","None","1","warhammer","diamond"
knowledge_is_power,"아는 것이 힘","Hero","Weapon","Hammer","(((AttributeName=""AttackPower"",Attribute=/Script/EternalReturn.ERAttributeSet:AttackPower,AttributeOwner=""/Script/CoreUObject.Class'/Script/EternalReturn.ERAttributeSet'""), 34.000000))","None","1","deer_hammer","hardcover"
thousand_weight,"천근추","Hero","Weapon","Hammer","(((AttributeName=""AttackPower"",Attribute=/Script/EternalReturn.ERAttributeSet:AttackPower,AttributeOwner=""/Script/CoreUObject.Class'/Script/EternalReturn.ERAttributeSet'""), 82.000000))","None","1","fate_hammer","glass_bottle"
thor_hammer,"토르의 망치","Hero","Weapon","Hammer","(((AttributeName=""AttackPower"",Attribute=/Script/EternalReturn.ERAttributeSet:AttackPower,AttributeOwner=""/Script/CoreUObject.Class'/Script/EternalReturn.ERAttributeSet'""), 95.000000))","None","1","fate_hammer","battery"
evening_star,"개밥바라기","Legend","Weapon","Hammer","(((AttributeName=""AttackPower"",Attribute=/Script/EternalReturn.ERAttributeSet:AttackPower,AttributeOwner=""/Script/CoreUObject.Class'/Script/EternalReturn.ERAttributeSet'""), 40.000000))","None","1","hammer","meteorite"
doomsday,"둠스데이","Legend","Weapon","Hammer","(((AttributeName=""AttackPower"",Attribute=/Script/EternalReturn.ERAttributeSet:AttackPower,AttributeOwner=""/Script/CoreUObject.Class'/Script/EternalReturn.ERAttributeSet'""), 40.000000))","None","1","iron_ball","mithril"
leviathan,"레비아탄","Legend","Weapon","Hammer","(((AttributeName=""AttackPower"",Attribute=/Script/EternalReturn.ERAttributeSet:AttackPower,AttributeOwner=""/Script/CoreUObject.Class'/Script/EternalReturn.ERAttributeSet'""), 110.000000))","None","1","hammer","mithril"
squeaky_hammer,"뿅망치","Legend","Weapon","Hammer","(((AttributeName=""AttackPower"",Attribute=/Script/EternalReturn.ERAttributeSet:AttackPower,AttributeOwner=""/Script/CoreUObject.Class'/Script/EternalReturn.ERAttributeSet'""), 82.000000))","None","1","hammer","tree_of_life"
peacebringer,"피스브링어","Transcendent","Weapon","Hammer","(((AttributeName=""AttackPower"",Attribute=/Script/EternalReturn.ERAttributeSet:AttackPower,AttributeOwner=""/Script/CoreUObject.Class'/Script/EternalReturn.ERAttributeSet'""), 50.000000))","None","1","hammer","vf_blood_sample"
peacebringer_crimson,"피스브링어-진홍","Transcendent","Weapon","Hammer","(((AttributeName=""AttackPower"",Attribute=/Script/EternalReturn.ERAttributeSet:AttackPower,AttributeOwner=""/Script/CoreUObject.Class'/Script/EternalReturn.ERAttributeSet'""), 102.000000))","None","1","peacebringer","crimson_shard"
peacebringer_dawn,"피스브링어-새벽","Transcendent","Weapon","Hammer","(((AttributeName=""AttackPower"",Attribute=/Script/EternalReturn.ERAttributeSet:AttackPower,AttributeOwner=""/Script/CoreUObject.Class'/Script/EternalReturn.ERAttributeSet'""), 48.000000))","None","1","peacebringer","dawn_shard"
rubber,"고무","Common","None","None","()","None","3","None","None"
nail,"못","Common","None","None","()","None","2","None","None"
iron_ball,"쇠구슬","Common","None","None","()","None","3","None","None"
playing_cards,"트럼프 카드","Common","None","None","()","None","3","None","None"
horse_tally,"마패","Uncommon","None","None","()","None","3","None","None"
diamond,"다이아몬드","Uncommon","None","None","()","None","3","None","None"
hardcover,"하드커버","Uncommon","None","None","()","None","3","None","None"
glass_bottle,"유리병","Common","None","None","()","None","3","None","None"
battery,"배터리","Uncommon","None","None","()","None","3","None","None"
meteorite,"운석","Legend","None","None","()","None","1","None","None"
mithril,"미스릴","Legend","None","None","()","None","1","None","None"
tree_of_life,"생명의 나무","Legend","None","None","()","None","1","None","None"
vf_blood_sample,"VF 혈액 샘플","Transcendent","None","None","()","None","1","None","None"
crimson_shard,"진홍의 샤드","Transcendent","None","None","()","None","1","None","None"
dawn_shard,"새벽빛 샤드","Transcendent","None","None","()","None","1","None","None"
branch,"나뭇가지","Common","None","None","()","None","3","None","None"
flower,"꽃","Common","None","None","()","None","2","None","None"
