---,Weapon,Defense,Hunt,Craft,Search,Move
Lv1,500,230,180,370,300,300
Lv2,600,500,380,495,350,320
Lv3,700,770,580,620,430,340
Lv4,900,1040,780,745,500,360
Lv5,1650,1310,980,870,610,380
Lv6,1750,1580,1180,995,700,400
Lv7,1800,1850,1380,1120,750,420
Lv8,1850,2120,1580,1245,800,440
Lv9,2000,2390,1780,1370,850,460
Lv10,2350,2660,1980,1495,920,480
Lv11,2600,2930,2180,1620,950,500
Lv12,2850,3200,2380,1745,1010,520
Lv13,3100,3470,2580,1870,1070,540
Lv14,3400,3740,2780,1995,1130,560
Lv15,3700,4010,2980,2120,1190,580
Lv16,4200,4280,3180,2245,1250,600
Lv17,4200,4550,3380,2370,1310,620
Lv18,5400,4820,3580,2495,1370,640
Lv19,6100,5090,3780,2620,1430,660
