---,Type,Variant,bBoss,BaseStats,PerLevel,LootRow,HuntExpBase,HuntExpPerLevel,Credit,Tier,BaseLevel,FirstSpawnDay,bFirstSpawnNight,FirstSpawnTimer,RespawnMode,RespawnSeconds,ProportionalDamageResist,bHealOnReturn,SpawnAggroRadius,TeamCredit
Chicken,Chicken,Normal,False,"(MaxHP=300.000000,HPRegen=0.000000,MaxVP=0.000000,VPRegen=0.000000,AttackPower=18.000000,Defense=5.000000,AttackSpeed=1.000000,MoveSpeed=2.500000,Sight=6.000000,AttackRange=0.300000,CritChance=0.000000)","(MaxHPPerLevel=20.000000,AttackPowerPerLevel=19.000000,DefensePerLevel=1.000000,HPRegenPerLevel=0.000000)",Wild_Chicken,46,7,1,1,1,1,False,999,Interval,110,0,True,0,1
Bat,Bat,Normal,False,"(MaxHP=500.000000,HPRegen=0.000000,MaxVP=0.000000,VPRegen=0.000000,AttackPower=30.000000,Defense=10.000000,AttackSpeed=1.000000,MoveSpeed=3.500000,Sight=6.000000,AttackRange=0.400000,CritChance=0.000000)","(MaxHPPerLevel=30.000000,AttackPowerPerLevel=20.000000,DefensePerLevel=1.000000,HPRegenPerLevel=0.000000)",Wild_Bat,90,10,1,2,1,1,False,110,Interval,150,0,True,0,1
Boar,Boar,Normal,False,"(MaxHP=700.000000,HPRegen=0.000000,MaxVP=0.000000,VPRegen=0.000000,AttackPower=27.000000,Defense=15.000000,AttackSpeed=1.000000,MoveSpeed=3.200000,Sight=6.000000,AttackRange=0.400000,CritChance=0.000000)","(MaxHPPerLevel=40.000000,AttackPowerPerLevel=21.000000,DefensePerLevel=1.000000,HPRegenPerLevel=0.000000)",Wild_Boar,145,15,2,2,2,1,False,80,Interval,130,0,True,0,2
Crow,Crow,Normal,False,"(MaxHP=400.000000,HPRegen=0.000000,MaxVP=0.000000,VPRegen=0.000000,AttackPower=24.000000,Defense=8.000000,AttackSpeed=1.000000,MoveSpeed=3.500000,Sight=6.000000,AttackRange=0.300000,CritChance=0.000000)","(MaxHPPerLevel=25.000000,AttackPowerPerLevel=18.000000,DefensePerLevel=1.000000,HPRegenPerLevel=0.000000)",Wild_Crow,90,10,1,2,6,1,True,999,Interval,150,0,True,0,0
WildDog,WildDog,Normal,False,"(MaxHP=800.000000,HPRegen=0.000000,MaxVP=0.000000,VPRegen=0.000000,AttackPower=36.000000,Defense=20.000000,AttackSpeed=1.000000,MoveSpeed=3.500000,Sight=6.000000,AttackRange=0.400000,CritChance=0.000000)","(MaxHPPerLevel=50.000000,AttackPowerPerLevel=22.000000,DefensePerLevel=1.500000,HPRegenPerLevel=0.000000)",Wild_WildDog,110,10,2,3,2,1,False,110,Interval,150,0,True,0,2
Wolf,Wolf,Normal,False,"(MaxHP=1000.000000,HPRegen=0.000000,MaxVP=0.000000,VPRegen=0.000000,AttackPower=42.000000,Defense=25.000000,AttackSpeed=1.000000,MoveSpeed=3.800000,Sight=6.000000,AttackRange=0.400000,CritChance=0.000000)","(MaxHPPerLevel=60.000000,AttackPowerPerLevel=24.000000,DefensePerLevel=1.500000,HPRegenPerLevel=0.000000)",Wild_Wolf,144,12,2,3,3,1,False,60,EveryDay,0,0,True,0,2
Bear,Bear,Normal,False,"(MaxHP=2500.000000,HPRegen=0.000000,MaxVP=0.000000,VPRegen=0.000000,AttackPower=90.000000,Defense=40.000000,AttackSpeed=1.000000,MoveSpeed=3.000000,Sight=6.000000,AttackRange=0.500000,CritChance=0.000000)","(MaxHPPerLevel=150.000000,AttackPowerPerLevel=16.000000,DefensePerLevel=2.000000,HPRegenPerLevel=0.000000)",Wild_Bear,400,20,6,4,6,1,True,999,EveryNight,0,0,True,0,4
MutantChicken,Chicken,Mutant,False,"(MaxHP=450.000000,HPRegen=0.000000,MaxVP=0.000000,VPRegen=0.000000,AttackPower=25.000000,Defense=5.000000,AttackSpeed=1.000000,MoveSpeed=2.500000,Sight=6.000000,AttackRange=0.300000,CritChance=0.000000)","(MaxHPPerLevel=30.000000,AttackPowerPerLevel=23.000000,DefensePerLevel=1.000000,HPRegenPerLevel=0.000000)",Wild_MutantChicken,92,14,2,1,1,1,True,999,Interval,110,0,True,0,1
MutantBat,Bat,Mutant,False,"(MaxHP=750.000000,HPRegen=0.000000,MaxVP=0.000000,VPRegen=0.000000,AttackPower=42.000000,Defense=10.000000,AttackSpeed=1.000000,MoveSpeed=3.500000,Sight=6.000000,AttackRange=0.400000,CritChance=0.000000)","(MaxHPPerLevel=45.000000,AttackPowerPerLevel=24.000000,DefensePerLevel=1.000000,HPRegenPerLevel=0.000000)",Wild_MutantBat,180,20,3,2,1,1,False,120,Interval,150,0,True,0,2
MutantBoar,Boar,Mutant,False,"(MaxHP=1050.000000,HPRegen=0.000000,MaxVP=0.000000,VPRegen=0.000000,AttackPower=38.000000,Defense=15.000000,AttackSpeed=1.000000,MoveSpeed=3.200000,Sight=6.000000,AttackRange=0.400000,CritChance=0.000000)","(MaxHPPerLevel=60.000000,AttackPowerPerLevel=25.000000,DefensePerLevel=1.000000,HPRegenPerLevel=0.000000)",Wild_MutantBoar,290,30,3,2,2,1,True,999,Interval,130,0,True,0,2
MutantCrow,Crow,Mutant,False,"(MaxHP=600.000000,HPRegen=0.000000,MaxVP=0.000000,VPRegen=0.000000,AttackPower=34.000000,Defense=8.000000,AttackSpeed=1.000000,MoveSpeed=3.500000,Sight=6.000000,AttackRange=0.300000,CritChance=0.000000)","(MaxHPPerLevel=37.500000,AttackPowerPerLevel=22.000000,DefensePerLevel=1.000000,HPRegenPerLevel=0.000000)",Wild_MutantCrow,180,20,5,2,6,1,False,120,Interval,150,0,True,0,5
MutantWildDog,WildDog,Mutant,False,"(MaxHP=1200.000000,HPRegen=0.000000,MaxVP=0.000000,VPRegen=0.000000,AttackPower=50.000000,Defense=20.000000,AttackSpeed=1.000000,MoveSpeed=3.500000,Sight=6.000000,AttackRange=0.400000,CritChance=0.000000)","(MaxHPPerLevel=75.000000,AttackPowerPerLevel=26.000000,DefensePerLevel=1.500000,HPRegenPerLevel=0.000000)",Wild_MutantWildDog,220,20,3,3,2,1,True,999,Interval,150,0,True,0,2
MutantWolf,Wolf,Mutant,False,"(MaxHP=1500.000000,HPRegen=0.000000,MaxVP=0.000000,VPRegen=0.000000,AttackPower=59.000000,Defense=25.000000,AttackSpeed=1.000000,MoveSpeed=3.800000,Sight=6.000000,AttackRange=0.400000,CritChance=0.000000)","(MaxHPPerLevel=90.000000,AttackPowerPerLevel=29.000000,DefensePerLevel=1.500000,HPRegenPerLevel=0.000000)",Wild_MutantWolf,288,24,8,3,3,2,False,999,EveryDay,0,0,True,0,6
MutantBear,Bear,Mutant,False,"(MaxHP=3750.000000,HPRegen=0.000000,MaxVP=0.000000,VPRegen=0.000000,AttackPower=155.000000,Defense=40.000000,AttackSpeed=1.000000,MoveSpeed=3.000000,Sight=6.000000,AttackRange=0.500000,CritChance=0.000000)","(MaxHPPerLevel=225.000000,AttackPowerPerLevel=19.000000,DefensePerLevel=2.000000,HPRegenPerLevel=0.000000)",Wild_MutantBear,800,40,14,4,6,2,True,999,EveryNight,0,0,True,0,10
Alpha,Alpha,Normal,True,"(MaxHP=6000.000000,HPRegen=0.000000,MaxVP=0.000000,VPRegen=0.000000,AttackPower=120.000000,Defense=60.000000,AttackSpeed=1.000000,MoveSpeed=3.200000,Sight=6.000000,AttackRange=1.000000,CritChance=0.000000)","(MaxHPPerLevel=300.000000,AttackPowerPerLevel=20.000000,DefensePerLevel=3.000000,HPRegenPerLevel=0.000000)",Boss_Alpha,800,40,10,5,1,2,True,999,Never,0,0.3,True,0,0
Omega,Omega,Normal,True,"(MaxHP=8000.000000,HPRegen=0.000000,MaxVP=0.000000,VPRegen=0.000000,AttackPower=150.000000,Defense=80.000000,AttackSpeed=1.000000,MoveSpeed=3.200000,Sight=6.000000,AttackRange=1.000000,CritChance=0.000000)","(MaxHPPerLevel=400.000000,AttackPowerPerLevel=25.000000,DefensePerLevel=3.000000,HPRegenPerLevel=0.000000)",Boss_Omega,1000,50,12,5,1,3,True,999,Never,0,0.4,True,0,0
Wickeline,Wickeline,Normal,True,"(MaxHP=12000.000000,HPRegen=0.000000,MaxVP=0.000000,VPRegen=0.000000,AttackPower=200.000000,Defense=100.000000,AttackSpeed=1.000000,MoveSpeed=3.000000,Sight=6.000000,AttackRange=1.000000,CritChance=0.000000)","(MaxHPPerLevel=500.000000,AttackPowerPerLevel=30.000000,DefensePerLevel=4.000000,HPRegenPerLevel=0.000000)",Boss_Wickeline,1200,60,15,5,1,4,True,999,Never,0,0.5,False,0,0
CorruptedChicken,Chicken,Corrupted,False,"(MaxHP=675.000000,HPRegen=0.000000,MaxVP=0.000000,VPRegen=0.000000,AttackPower=37.500000,Defense=5.000000,AttackSpeed=1.000000,MoveSpeed=2.500000,Sight=6.000000,AttackRange=0.300000,CritChance=0.000000)","(MaxHPPerLevel=45.000000,AttackPowerPerLevel=34.500000,DefensePerLevel=1.000000,HPRegenPerLevel=0.000000)",Wild_CorruptedChicken,138,21,4,1,1,1,False,140,Interval,110,0,True,0,2
CorruptedWildDog,WildDog,Corrupted,False,"(MaxHP=1800.000000,HPRegen=0.000000,MaxVP=0.000000,VPRegen=0.000000,AttackPower=75.000000,Defense=20.000000,AttackSpeed=1.000000,MoveSpeed=3.500000,Sight=6.000000,AttackRange=0.400000,CritChance=0.000000)","(MaxHPPerLevel=112.500000,AttackPowerPerLevel=39.000000,DefensePerLevel=1.500000,HPRegenPerLevel=0.000000)",Wild_CorruptedWildDog,330,30,6,3,2,1,False,120,Interval,150,0,True,0,2
CorruptedWolf,Wolf,Corrupted,False,"(MaxHP=2250.000000,HPRegen=0.000000,MaxVP=0.000000,VPRegen=0.000000,AttackPower=88.500000,Defense=25.000000,AttackSpeed=1.000000,MoveSpeed=3.800000,Sight=6.000000,AttackRange=0.400000,CritChance=0.000000)","(MaxHPPerLevel=135.000000,AttackPowerPerLevel=43.500000,DefensePerLevel=1.500000,HPRegenPerLevel=0.000000)",Wild_CorruptedWolf,432,36,14,3,3,1,False,60,EveryDay,0,0,True,0,4
CorruptedBear,Bear,Corrupted,False,"(MaxHP=5625.000000,HPRegen=0.000000,MaxVP=0.000000,VPRegen=0.000000,AttackPower=232.500000,Defense=40.000000,AttackSpeed=1.000000,MoveSpeed=3.000000,Sight=6.000000,AttackRange=0.500000,CritChance=0.000000)","(MaxHPPerLevel=337.500000,AttackPowerPerLevel=28.500000,DefensePerLevel=2.000000,HPRegenPerLevel=0.000000)",Wild_CorruptedBear,1200,60,40,4,6,1,True,110,EveryNight,0,0,True,0,8
